<?xml version="1.0" encoding="utf-8"?>
<!DOCTYPE lista SYSTEM "paises.txt">
<lista xmlns:xsi="http://www.w3.org/2001/XMLSchema-instance" xsi:noNamespaceSchemaLocation="paisesxsd.txt">
     <pais iso="DE">
          <nome>Germany</nome>
          <bandeira>//upload.wikimedia.org/wikipedia/en/thumb/b/ba/Flag_of_Germany.svg/125px-Flag_of_Germany.svg.png</bandeira>
          <iso>DE</iso>
          <populacao>84,607,016</populacao>
          <continente>Europe</continente>
          <presidente>Olaf Scholz</presidente>
     </pais>
     <pais iso="NG">
          <nome>Nigeria</nome>
          <bandeira>//upload.wikimedia.org/wikipedia/commons/thumb/7/79/Flag_of_Nigeria.svg/130px-Flag_of_Nigeria.svg.png</bandeira>
          <iso>NG</iso>
          <populacao>230,842,743</populacao>
          <continente />
          <presidente>Bola Tinubu</presidente>
     </pais>
     <pais iso="CN">
          <nome>China</nome>
          <bandeira>//upload.wikimedia.org/wikipedia/commons/thumb/f/fa/Flag_of_the_People%27s_Republic_of_China.svg/125px-Flag_of_the_People%27s_Republic_of_China.svg.png</bandeira>
          <iso>CN</iso>
          <populacao>1,409,670,000</populacao>
          <continente />
          <presidente>Li Qiang</presidente>
     </pais>
     <pais iso="SE">
          <nome>Sweden</nome>
          <bandeira>//upload.wikimedia.org/wikipedia/en/thumb/4/4c/Flag_of_Sweden.svg/125px-Flag_of_Sweden.svg.png</bandeira>
          <iso>SE</iso>
          <populacao>10,540,886</populacao>
          <continente>Europe</continente>
          <presidente />
     </pais>
     <pais iso="NO">
          <nome>Norway</nome>
          <bandeira>//upload.wikimedia.org/wikipedia/commons/thumb/d/d9/Flag_of_Norway.svg/125px-Flag_of_Norway.svg.png</bandeira>
          <iso>NO</iso>
          <populacao>5,550,203</populacao>
          <continente />
          <presidente>Masud Gharahkhani</presidente>
     </pais>
     <pais iso="JP">
          <nome>Japan</nome>
          <bandeira />
          <iso>JP</iso>
          <populacao>125,507,472</populacao>
          <continente />
          <presidente />
     </pais>
     <pais iso="AL">
          <nome>Albania</nome>
          <bandeira />
          <iso>AL</iso>
          <populacao>3,074,579</populacao>
          <continente />
          <presidente>Bajram Begaj</presidente>
     </pais>
     <pais iso="PT">
          <nome>Portugal</nome>
          <bandeira>//upload.wikimedia.org/wikipedia/commons/thumb/5/5c/Flag_of_Portugal.svg/125px-Flag_of_Portugal.svg.png</bandeira>
          <iso>PT</iso>
          <populacao>10,302,674</populacao>
          <continente>Europe</continente>
          <presidente>Marcelo Rebelo de Sousa</presidente>
     </pais>
     <pais iso="AO">
          <nome>Angola</nome>
          <bandeira>//upload.wikimedia.org/wikipedia/commons/thumb/9/9d/Flag_of_Angola.svg/125px-Flag_of_Angola.svg.png</bandeira>
          <iso>AO</iso>
          <populacao>32,522,339</populacao>
          <continente />
          <presidente />
     </pais>
</lista>
